Brazil/AM-20842882CA/2020	Brazil
Spain/CT-HUVH-88841/2021	Spain
Spain/CT-HUVH-95307/2021	Spain
Spain/CT-HUVH-53303/2021	Spain
Spain/CT-HUVH-Bellvitge20903/2021	Spain
Spain/CT-HUVH-65887/2021	Spain
Belgium/Jessa_55-2107-000145/2021	Belgium
Belgium/AZDelta19176-2106L/2021	Belgium
England/MILK-9E2FE0/2020	England
England/MILK-A06B0F/2020	England
England/CAMC-BD2BB0/2020	England
England/CAMC-BFBE03/2020	England
England/MILK-9E05B3/2020	England
England/MILK-A06237/2020	England
England/MILK-B01F43/2020	England
England/QEUH-A01621/2020	England
England/CAMC-A58BA4/2020	England
England/CAMC-B209F5/2020	England
England/MILK-B398DE/2020	England
England/MILK-EB6F86/2021	England
England/CAMC-BC2F11/2020	England
England/ALDP-BB3371/2020	England
England/MILK-BFCE11/2020	England
England/PORT-2E52BE/2021	England
England/LOND-12EB6E6/2021	England
Israel/CVL-2576/2021	Israel
Israel/CVL-1929/2021	Israel
Israel/CVL-31-ngs/2020	Israel
Israel/CVL-498ngs/2020	Israel
Israel/CVL-1967/2021	Israel
Israel/CVL-2069/2021	Israel
Israel/CVL-2544/2021	Israel
Israel/CVL-1017-ngs/2020	Israel
Israel/CVL-825ngs/2020	Israel
Israel/CVL-1648/2021	Israel
Israel/CVL-1933/2021	Israel
Israel/CVL-2568/2021	Israel
Israel/CVL-52/2020	Israel
Israel/CVL-448-ngs/2020	Israel
Israel/CVL-1919/2021	Israel
Israel/CVL-1656/2021	Israel
Israel/CVL-2579/2021	Israel
Spain/CT-HUVH-49838/2021	Spain
Spain/CT-HUVH-62552/2021	Spain
England/MILK-B3E208/2020	England
England/CAMC-BBCC7D/2020	England
England/CAMC-11E76EB/2021	England
England/QEUH-B12C75/2020	England
England/MILK-D1F7C0/2020	England
England/CAMC-ED59ED/2021	England
England/ALDP-B5BD5F/2020	England
England/CAMC-B362C4/2020	England
England/MILK-B3A284/2020	England
England/LOND-1287576/2020	England
England/MILK-B85FFC/2020	England
England/MILK-E73B18/2020	England
Spain/MC-ISCIII-2018161/2020	Spain
England/QEUH-EF8CCD/2021	England
England/MILK-1153028/2021	England
Brazil/SP-L94-CD2721/2021	Brazil
Israel/CVL-2062/2021	Israel
Israel/CVL-1492/2021	Israel
Israel/CVL-2083/2021	Israel
Israel/CVL-1533/2021	Israel
Israel/CVL-1020-ngs/2020	Israel
Israel/CVL-1575/2021	Israel
Israel/CVL-1012-ngs/2020	Israel
Israel/CVL-1597/2021	Israel
Israel/CVL-2580/2021	Israel
Israel/CVL-1009-ngs/2020	Israel
Israel/CVL-2366/2021	Israel
Israel/CVL-1572/2021	Israel
England/OXON-F48D9D/2020	England
Israel/CVL-132ngs/2020	Israel
Israel/CVL-1556/2021	Israel
England/CAMC-B366E6/2020	England
England/MILK-B8E904/2020	England
England/MILK-A7A7A8/2020	England
England/MILK-A7C3EE/2020	England
England/CAMC-B33230/2020	England
England/ALDP-B5C741/2020	England
England/CAMC-BBDCB8/2020	England
England/MILK-B8BF8D/2020	England
England/MILK-ACCBAB/2020	England
England/NORW-2231A8/2020	England
England/MILK-AC92A9/2020	England
Norway/7124/2020	Norway
England/MILK-11F1BEF/2021	England
England/CAMC-1207981/2021	England
England/MILK-CA62EC/2020	England
England/MILK-11767EE/2021	England
England/ALDP-B5BCE9/2020	England
England/CAMC-B99362/2020	England
England/MILK-C6164B/2020	England
England/CAMC-E52520/2021	England
England/ALDP-EF1A60/2021	England
Italy/APU-IZSPB_499PT/2021	Italy
England/MILK-BABD50/2020	England
England/MILK-ECA383/2021	England
England/CAMC-11AB7D1/2021	England
Portugal/PT2911/2021	Portugal
England/MILK-B55D64/2020	England
Israel/CVL-2075/2021	Israel
Israel/CVL-299ngs/2020	Israel
Israel/CVL-1007-ngs/2020	Israel
England/CAMC-C47818/2020	England
England/CAMC-B362D3/2020	England
England/CAMC-B32626/2020	England
England/QEUH-AE22C8/2020	England
England/CAMC-B321F8/2020	England
England/CAMC-1062CAB/2021	England
Spain/CT-HUVH-82590/2021	Spain
England/MILK-B59E8B/2020	England
England/CAMC-BBC75E/2020	England
England/MILK-B3E332/2020	England
England/CAMC-B5120F/2020	England
England/MILK-BB0AF7/2020	England
England/CAMC-115FEC8/2021	England
England/CAMC-B0A548/2020	England
Norway/7125/2020	Norway
England/CAMC-B52990/2020	England
England/MILK-B88DD1/2020	England
England/CAMC-B075C3/2020	England
Portugal/PT2091/2020	Portugal
Portugal/PT2098/2020	Portugal
Spain/MC-ISCIII-2018086/2020	Spain
Spain/CM-ISCIII-2018138/2020	Spain
England/MILK-BB166B/2020	England
England/NORW-222CE4/2020	England
Spain/CT-IrsiCaixaR004QZ1D9/2021	Spain
Israel/CVL-1996/2021	Israel
Israel/CVL-2505/2021	Israel
Israel/CVL-1527/2021	Israel
England/MILK-D099E1/2020	England
England/CAMC-B3232F/2020	England
England/QEUH-F56B0B/2021	England
England/CAMC-B51445/2020	England
England/MILK-AB799A/2020	England
Belgium/rega-2574/2021	Belgium
Belgium/rega-2417/2021	Belgium
England/CAMC-B775CE/2020	England
England/MILK-AB78BB/2020	England
England/MILK-B3B854/2020	England
England/PORT-2EE9DE/2020	England
Spain/CT-HUVH-51778/2021	Spain
Spain/CT-HUVH-67845/2021	Spain
Italy/CAM-INMI-143/2020	Italy
England/MILK-1261888/2021	England
England/CAMC-127EE4A/2021	England
England/CAMC-F7B64B/2021	England
England/CAMC-B77E87/2020	England
England/CAMC-CB7B47/2020	England
Spain/VC-IBV-98012610/2020	Spain
Spain/VC-IBV-98012606/2020	Spain
England/QEUH-B810EE/2020	England
England/QEUH-B80FE2/2020	England
England/ALDP-101C138/2021	England
England/ALDP-B46908/2020	England
England/MILK-B59EB8/2020	England
England/MILK-B3B3AE/2020	England
England/LOND-12517D9/2020	England
England/CAMC-B5166D/2020	England
England/MILK-B87974/2020	England
England/MILK-1157E66/2021	England
Italy/CAM-INMI-117/2020	Italy
England/MILK-C53DB0/2020	England
England/CAMB-A9E0A3/2021	England
England/CAMB-AA2D2D/2021	England
England/CAMC-1104CB9/2021	England
England/MILK-D723F4/2020	England
Israel/CVL-1940/2021	Israel
Israel/CVL-2509/2021	Israel
Israel/CVL-2572/2021	Israel
Israel/CVL-2510/2021	Israel
Israel/CVL-1481/2021	Israel
Israel/CVL-515ngs/2020	Israel
Israel/CVL-468ngs/2020	Israel
Israel/CVL-1553/2021	Israel
Israel/CVL-1658/2021	Israel
Spain/AN-HUSC_13299528/2020	Spain
England/MILK-E0B9A2/2020	England
England/CAMC-B36516/2020	England
England/MILK-C52689/2020	England
England/CAMC-AEB05C/2020	England
England/MILK-ACEB7C/2020	England
England/MILK-B88CD4/2020	England
England/MILK-B045E4/2020	England
England/MILK-B065A6/2020	England
England/CAMC-B22805/2020	England
England/CAMC-BD2901/2020	England
France/GES-IPP01485/2021	France
France/GES-IPP01484/2021	France
Spain/CT-HUVH-51863/2021	Spain
Israel/CVL-16-ngs/2020	Israel
England/CAMC-B088D8/2020	England
Spain/CT-IrsiCaixaR003MP1A11/2021	Spain
Spain/CT-IrsiCaixaLQEHL1/2021	Spain
Portugal/PT2124/2020	Portugal
England/MILK-E7340E/2021	England
England/MILK-11C8F12/2021	England
England/MILK-B964AE/2020	England
England/MILK-AC7C43/2020	England
England/MILK-AC7C8F/2020	England
England/ALDP-B1F74A/2020	England
England/MILK-B97610/2020	England
England/CAMC-B37E1A/2020	England
England/QEUH-B80B75/2020	England
England/QEUH-C03E52/2020	England
Spain/AS-232152994/2021	Spain
England/CAMC-B79CB8/2020	England
England/CAMC-BD1E12/2020	England
England/CAMC-B79CD6/2020	England
Italy/CAM-TIGEM-1352/2020	Italy
Italy/CAM-TIGEM-178/2020	Italy
England/QEUH-C63ED8/2020	England
England/MILK-12A6702/2021	England
England/MILK-B3B7C0/2020	England
England/CAMC-B22814/2020	England
England/CAMC-B0C810/2020	England
England/MILK-B8615F/2020	England
Israel/CVL-2575/2021	Israel
Israel/CVL-1942/2021	Israel
Israel/CVL-1630/2021	Israel
England/QEUH-109C58F/2021	England
England/CAMC-BBB85C/2020	England
England/CAMC-F01817/2021	England
England/ALDP-C8BBF1/2020	England
England/CAMC-B21693/2020	England
England/MILK-B02FF7/2020	England
England/MILK-102F123/2021	England
England/CAMC-B7A9FC/2020	England
England/CAMC-B79C8B/2020	England
England/CAMC-B3423F/2020	England
England/CAMC-B07C19/2020	England
England/CAMC-B0879F/2020	England
England/CAMC-B98CA4/2020	England
Spain/AR-ISCIII-210775/2021	Spain
England/MILK-EC6F83/2021	England
England/MILK-F6DAAA/2021	England
England/MILK-B3C668/2020	England
England/MILK-B3D5B5/2020	England
England/MILK-ACEF9E/2020	England
England/MILK-B01F52/2020	England
England/RAND-120E559/2021	England
USA/NJ-Yale-1251/2021	USA
England/LOND-12F1C09/2020	England
England/MILK-B55DEC/2020	England
Switzerland/AG-UHB-301231-0447/2020	Switzerland
Switzerland/AG-UHB-301231-0448/2020	Switzerland
England/MILK-BFCC9F/2020	England
England/ALDP-CEAC2A/2020	England
England/LIVE-DE799E/2021	England
USA/GA-CDC-QDKI-1296/2021	USA
Nigeria/BCVL-18971/2021	Nigeria
England/CAMC-B36525/2020	England
England/CAMC-B36534/2020	England
England/CAMC-B3665F/2020	England
England/CAMC-B37524/2020	England
England/ALDP-B5B41E/2020	England
England/CAMC-B53601/2020	England
England/CAMC-B087AE/2020	England
Italy/ABR-IZSGC-TE11129/2021	Italy
England/MILK-BFCEA8/2020	England
England/MILK-B3B2CF/2020	England
Israel/CVL-1480/2021	Israel
Israel/CVL-1587/2021	Israel
Israel/CVL-1932/2021	Israel
Israel/CVL-2578/2021	Israel
England/CAMC-BC2B1D/2020	England
England/MILK-B55D82/2020	England
England/MILK-B59D24/2020	England
England/MILK-1150E5E/2021	England
England/ALDP-F90929/2021	England
Portugal/PT2920/2021	Portugal
England/CAMC-B7882E/2020	England
England/ALDP-C069C7/2020	England
England/MILK-E68CF5/2021	England
England/MILK-BAB88C/2020	England
England/MILK-B942A6/2020	England
England/ALDP-F82368/2021	England
England/CAMC-B0B231/2020	England
England/MILK-B0460F/2020	England
England/NORT-1B88C95/2021	England
England/CAMC-11081A7/2021	England
Spain/GA-CHUS-295168/2020	Spain
England/MILK-B38981/2020	England
England/MILK-BAB7DA/2020	England
England/MILK-11359C7/2021	England
France/IDF-IPP01385/2021	France
France/un-21022010238/2021	France
England/ALDP-F51FD7/2021	England
England/ALDP-FFFFAE/2021	England
Spain/CT-HUVH-67210/2021	Spain
Spain/CT-IrsiCaixaM001RQ1B3/2021	Spain
England/MILK-B3E02C/2020	England
Nigeria/BCVL-18688/2021	Nigeria
Nigeria/BCVL-18387/2021	Nigeria
Nigeria/BCVL-18716/2021	Nigeria
Switzerland/GE-32885673/2021	Switzerland
England/CAMC-BC212A/2020	England
Scotland/QEUH-EF8629/2021	Scotland
England/MILK-EC5C50/2021	England
England/CAMC-BC3402/2020	England
France/ARA-SC787/2020	France
England/MILK-BDB522/2020	England
England/CAMC-BD1D24/2020	England
England/QEUH-B80850/2020	England
England/CAMC-10FB8A3/2021	England
England/MILK-BAB804/2020	England
England/CAMC-B20A6B/2020	England
England/CAMC-BF47B4/2020	England
England/CAMC-CB9F94/2020	England
England/CAMC-C422A6/2020	England
England/CAMC-B51700/2020	England
England/CAMC-B53416/2020	England
England/MILK-11D2D66/2021	England
England/ALDP-CEAFA9/2020	England
England/MILK-F88B00/2021	England
England/PHWC-4C2F27/2021	England
Belgium/UGent-1019/2021	Belgium
England/CAMC-B35FEC/2020	England
England/MILK-B39953/2020	England
England/MILK-102E8A7/2021	England
England/QEUH-E92EB0/2021	England
England/MILK-EBB428/2021	England
England/QEUH-D1200E/2020	England
England/MILK-108B750/2021	England
Brazil/DF-1024/2020	Brazil
England/QEUH-D88B8A/2020	England
Spain/GA-ISCIII-210355/2021	Spain
England/LOND-132556A/2020	England
England/MILK-B3D5D3/2020	England
England/CAMC-BD15FF/2020	England
England/ALDP-DB1C3A/2020	England
England/QEUH-CCD892/2020	England
England/OXON-F43A40/2020	England
England/CAMC-B2198B/2020	England
England/QEUH-CC7607/2020	England
England/ALDP-1010240/2021	England
England/MILK-AC8644/2020	England
England/MILK-AC8680/2020	England
England/MILK-AC94C1/2020	England
England/CAMC-B215A5/2020	England
Nigeria/BCVL-19253/2021	Nigeria
Switzerland/un-UHB-716122601/2020	Switzerland
Switzerland/GR-UHB-717511401/2020	Switzerland
England/CAMC-B77DF3/2020	England
England/CAMC-B7B463/2020	England
NorthernIreland/RAND-1287A86/2021	NorthernIreland
England/CAMC-B99809/2020	England
England/CAMC-B99696/2020	England
England/MILK-B97443/2020	England
England/LOND-126CD06/2020	England
England/MILK-1050402/2021	England
England/CAMC-BBB8D4/2020	England
England/QEUH-B434EC/2020	England
England/OXON-F50512/2021	England
England/CAMC-CB729D/2020	England
Spain/IB-IBV-99015806/2021	Spain
England/MILK-D0AD6C/2020	England
England/MILK-EB43D7/2021	England
England/ALDP-C48501/2020	England
England/LOND-126D840/2020	England
England/CAMC-CB6FA6/2020	England
France/HDF-IPP02624/2021	France
France/GES-IPP03308/2021	France
Portugal/PT2610/2021	Portugal
France/un-21022010394/2021	France
France/un-21022010283/2021	France
Portugal/PT2156/2020	Portugal
Portugal/PT2157/2020	Portugal
England/CAMC-B5355F/2020	England
England/QEUH-C5BA2A/2020	England
Belgium/AZDelta18043-2106L/2021	Belgium
Belgium/AZDelta-20756A/2021	Belgium
Ireland/MH-NVRL-21IRL36403/2021	Ireland
England/CAMC-B542A2/2020	England
England/CAMC-B3236B/2020	England
Wales/PHWC-4AE686/2020	Wales
Wales/PHWC-48F80D/2020	Wales
England/ALDP-125C808/2021	England
Brazil/SP-1045/2021	Brazil
Brazil/GO-1054/2021	Brazil
Brazil/DF-1025/2020	Brazil
England/ALDP-10F924D/2021	England
England/MILK-1151585/2021	England
England/MILK-B97003/2020	England
England/CAMC-B51120/2020	England
England/CAMC-B53328/2020	England
England/ALDP-BB9D04/2020	England
England/ALDP-12A195C/2021	England
England/ALDP-114E187/2021	England
England/ALDP-11CEE4C/2021	England
England/QEUH-121BE7C/2021	England
France/IDF-IPP01544/2021	France
France/IDF-IPP01435/2021	France
Spain/AS-232172545/2021	Spain
England/CAMC-B21587/2020	England
England/MILK-BB0DA3/2020	England
Nigeria/BCVL-18543/2021	Nigeria
Ireland/D-NVRL-21IRL08949/2021	Ireland
France/HDF-IPP02630/2021	France
France/HDF-IPP02631/2021	France
England/SHEF-10D6B69/2020	England
England/CAMC-D37874/2020	England
England/MILK-D2DB3C/2020	England
England/CAMC-DEABB3/2020	England
England/CAMC-DEAB4A/2020	England
England/QEUH-C31398/2020	England
England/205090686/2020	England
England/CAMC-BD2145/2020	England
England/CAMC-B51779/2020	England
England/ALDP-B61FC9/2020	England
England/ALDP-115C0A7/2021	England
England/LOND-127032B/2021	England
England/LOND-126FD7C/2021	England
Portugal/PT2166/2020	Portugal
England/MILK-11A10EF/2021	England
Ireland/KY-NVRL-83IRL90317/2021	Ireland
England/ALDP-B84AB0/2020	England
England/CAMC-BD292F/2020	England
England/CAMC-C1B82C/2020	England
Wales/MILK-D2DA5D/2020	Wales
England/MILK-B54C68/2020	England
England/CAMC-B518B2/2020	England
England/MILK-EB9B34/2021	England
Scotland/EDB11087/2020	Scotland
England/MILK-B8E658/2020	England
Scotland/QEUH-D12235/2020	Scotland
Scotland/QEUH-114C7D2/2021	Scotland
England/PORT-2D9262/2021	England
England/CAMC-106F163/2021	England
Spain/CT-IrsiCaixaR003MP1H11/2021	Spain
England/RAND-11ED409/2021	England
England/CAMC-CB78D7/2020	England
Spain/IB-IBV-99012848/2021	Spain
Spain/IB-IBV-99016792/2021	Spain
England/CAMC-F7F3C8/2021	England
England/CAMC-1024443/2021	England
England/ALDP-C69A74/2020	England
England/TFCI-27033BC/2021	England
England/MILK-EB3B2B/2021	England
England/QEUH-10028B8/2021	England
England/MILK-D67CD9/2020	England
England/ALDP-CC0404/2020	England
England/ALDP-115BE80/2021	England
England/OXON-F4FA08/2021	England
England/MILK-B964DB/2020	England
England/CAMC-D1155B/2020	England
England/CAMC-BC0283/2020	England
Portugal/PT2108/2020	Portugal
France/IDF-IPP02572/2021	France
France/IDF-IPP01542/2021	France
England/CAMC-D368FD/2020	England
England/PORT-2E5BE0/2021	England
England/TFCI-2702BE2/2021	England
USA/FL-CDC-STM-000003656/2021	USA
USA/TX-CDC-9N19-8982/2021	USA
England/MILK-102E2C7/2021	England
England/MILK-112D91D/2021	England
England/MILK-F9E3D2/2021	England
England/MILK-D0BFDE/2020	England
England/ALDP-D9F1E8/2020	England
England/CAMC-ED574D/2021	England
England/CAMC-B52B7C/2020	England
USA/PA-CDC-STM-0000013-H08/2021	USA
Switzerland/BE-UHB-0718434601/2020	Switzerland
England/ALDP-101414F/2021	England
England/LOND-12897BA/2021	England
England/CAMC-BD1753/2020	England
England/MILK-102E41C/2021	England
England/ALDP-BB28BF/2020	England
England/CAMC-BF47C3/2020	England
England/ALDP-101C332/2021	England
France/PAC-CERBAHC-20211018-66/2021	France
England/CAMC-106269E/2021	England
England/MILK-BDB953/2020	England
England/CAMC-BC11A3/2020	England
England/CAMC-C40563/2020	England
England/ALDP-E87FF7/2021	England
England/QEUH-120CCCF/2021	England
England/MILK-C2F9C8/2020	England
England/CAMC-C2627B/2020	England
England/ALDP-1092747/2021	England
England/QEUH-F90024/2021	England
Wales/PHWC-4A3B82/2020	Wales
England/ALDP-C6A633/2020	England
Spain/MD-11674437/2021	Spain
England/LOND-12877CB/2020	England
England/CAMC-1178807/2021	England
England/MILK-129C945/2021	England
Portugal/PT2168/2020	Portugal
Portugal/PT2169/2020	Portugal
England/ALDP-DB70DE/2020	England
Spain/MD-IBV-99013442/2020	Spain
England/CAMC-F0157A/2021	England
Spain/AS-232172527/2021	Spain
Spain/AS-232157626/2021	Spain
Wales/ALDP-FA37FC/2021	Wales
England/MILK-D7426E/2020	England
Nigeria/BCVL-18758/2021	Nigeria
Italy/FVG-ASUGI-5196/2021	Italy
Italy/FVG-ASUGI-5197/2021	Italy
England/ALDP-FB8B70/2021	England
England/MILK-FCEFB7/2021	England
England/CAMC-106E00D/2021	England
England/CAMC-CB8636/2020	England
England/CAMC-CF9824/2020	England
England/CAMC-EDE44D/2021	England
England/QEUH-B80BFD/2020	England
England/MILK-BB111F/2020	England
Spain/IB-IBV-99015843/2021	Spain
England/CAMC-BBCE0E/2020	England
England/EXET-140452/2020	England
England/MILK-11A0F2F/2021	England
Sweden/20-53859/2020	Sweden
England/CAMC-BBD483/2020	England
England/MILK-BAC0B0/2020	England
England/MILK-B9668A/2020	England
England/MILK-BEE43E/2020	England
England/CAMC-BD151D/2020	England
France/un-21022010143/2021	France
Scotland/QEUH-11CB489/2021	Scotland
France/PAC-IHU-3217-1/2021	France
England/PORT-2D804B/2020	England
England/TFCI-26FE160/2020	England
England/BIRM-6DE9E/2020	England
England/MILK-102EA65/2021	England
England/CAMC-101D8F6/2021	England
England/CAMC-101D6ED/2021	England
Portugal/PT2177/2020	Portugal
Portugal/PT2431/2021	Portugal
England/MILK-EC4AEE/2021	England
England/CAMC-10739DD/2021	England
Italy/MAR-UNIVPM101-75155/2020	Italy
Italy/MAR-UNIVPM100-77710/2020	Italy
France/IDF-0001026/2020	France
England/MILK-103CC9B/2021	England
Sweden/21-50377/2021	Sweden
England/MILK-11D117A/2021	England
Scotland/QEUH-F65E4C/2021	Scotland
Portugal/PT2626/2021	Portugal
Wales/PHWC-4BE37D/2021	Wales
Italy/APU-IZSPB-607PT/2021	Italy
Italy/APU-IZSPB-613PT/2021	Italy
England/MILK-BAFC40/2020	England
England/MILK-BAA00D/2020	England
England/QEUH-1067E46/2021	England
England/QEUH-C932B5/2020	England
France/IDF-IPP01414/2021	France
Sweden/20-13164/2020	Sweden
Nigeria/CV622/2021	Nigeria
Switzerland/VS-33053021/2021	Switzerland
England/LOND-12F0CCE/2020	England
Switzerland/un-UHB-016-31-214802/2020	Switzerland
Switzerland/ZH-UHB-717847701/2020	Switzerland
England/ALDP-EF1ACA/2020	England
Spain/IB-IBV-99012788/2021	Spain
Spain/IB-IBV-99015796/2021	Spain
England/ALDP-C3B510/2020	England
England/QEUH-C92C9A/2020	England
Italy/LAZ-INMI-169/2021	Italy
England/MILK-ECA365/2021	England
England/OXON-F46184/2020	England
England/CAMC-10C11AB/2021	England
England/ALDP-BB5728/2020	England
England/MILK-BB12FE/2020	England
England/MILK-BB130A/2020	England
England/MILK-B55793/2020	England
USA/FL-CDC-STM-0000014-G02/2021	USA
Brazil/SP-900B/2020	Brazil
Brazil/SP-L67-CD1714/2020	Brazil
England/210320017/2021	England
England/MILK-F6E12C/2021	England
England/ALDP-E306E9/2021	England
England/MILK-D64629/2020	England
Portugal/PT2110/2020	Portugal
England/MILK-E7D45F/2021	England
USA/CO-CDC-8628/2021	USA
Switzerland/AG-UHB-301226-1010/2021	Switzerland
Slovenia/MB_6/2020	Slovenia
England/ALDP-BB47ED/2020	England
Spain/MD-H12-02-5372/2020	Spain
Spain/CT-IBV-97012008/2020	Spain
England/CAMC-CB7303/2020	England
Norway/7179/2020	Norway
Norway/7168/2020	Norway
England/OXON-F4701D/2020	England
England/CAMC-106F2AC/2021	England
England/MILK-EC6A91/2021	England
England/NOTT-24A78B/2021	England
Belgium/UGent-365/2020	Belgium
France/NAQ-SC785/2020	France
England/CAMC-C3FEA8/2020	England
England/ALDP-EE2929/2021	England
Israel/CVL-63/2020	Israel
Ireland/MH-NVRL-21IRL25852/2021	Ireland
England/PORT-2E4E15/2021	England
England/MILK-BDC284/2020	England
England/CAMC-BC2175/2020	England
England/TFCI-27052F9/2021	England
England/ALDP-EE6257/2021	England
England/LOND-12F228E/2020	England
England/MILK-EC0EF5/2021	England
England/CAMC-B07806/2020	England
England/MILK-B38ACA/2020	England
Portugal/PT2100/2020	Portugal
Portugal/PT2273/2020	Portugal
England/MILK-C2FE6F/2020	England
Italy/LIG-103333353/2021	Italy
England/OXON-F52370/2021	England
France/HDF-IPP01174/2021	France
Belgium/UZA-UA-1319/2020	Belgium
UnitedArabEmirates/4280/2020	UnitedArabEmirates
UnitedArabEmirates/4291/2020	UnitedArabEmirates
France/PAC-IHU-3152/2021	France
England/MILK-DB0372/2020	England
England/MILK-EC0842/2021	England
England/RAND-128FE73/2021	England
England/LOND-1322EEA/2020	England
Norway/7368/2020	Norway
England/MILK-D75090/2020	England
England/MILK-D7A857/2020	England
England/CAMC-BD2AC2/2020	England
England/NORW-2266E2/2020	England
UnitedArabEmirates/3864/2020	UnitedArabEmirates
England/MILK-BAC126/2020	England
England/CAMC-121656D/2021	England
Israel/CVL-600ngs/2020	Israel
England/CAMC-EDE43E/2021	England
Ireland/MH-NVRL-21IRL25851/2021	Ireland
England/CAMC-10C193A/2021	England
England/QEUH-D12AF1/2020	England
England/ALDP-E868EE/2021	England
England/ALDP-CE2A46/2020	England
France/un-21022010184/2021	France
England/OXON-F444BA/2020	England
England/LOND-13230A7/2021	England
England/MILK-C61AE5/2020	England
England/CAMC-BC1228/2020	England
Portugal/PT2146/2020	Portugal
England/LOND-126B569/2020	England
England/MILK-E7F3BA/2021	England
England/ALDP-1006D88/2021	England
England/QEUH-D95DA2/2020	England
England/210320067/2021	England
Italy/APU-POLBA12/2021	Italy
France/IDF-IPP00550/2021	France
England/QEUH-129E3FA/2021	England
Spain/CT-HUVH-60425/2021	Spain
UnitedArabEmirates/4312/2020	UnitedArabEmirates
England/CAMC-C470B6/2020	England
England/MILK-C52BA8/2020	England
England/MILK-D1BE56/2020	England
Portugal/PT2095/2020	Portugal
Nigeria/CV635/2020	Nigeria
France/GES-IPP02694/2021	France
France/GES-IPP02697/2021	France
Nigeria/FC-CV560/2020	Nigeria
England/TFCI-2703194/2021	England
England/LOND-1252222/2020	England
USA/MI-UM-10038086971/2021	USA
France/un-21022010416/2021	France
England/LOND-12F2A2C/2020	England
Wales/ALDP-114980F/2021	Wales
Sweden/21-50459/2021	Sweden
England/MILK-B88B7D/2020	England
England/MILK-B5A707/2020	England
England/ALDP-E884BB/2021	England
Italy/ABR-IZSGC-84470/2021	Italy
Spain/MC-ISCIII-210762/2021	Spain
Italy/APU-POLBA11/2021	Italy
Italy/TAA-IGA-1900478617/2021	Italy
Spain/IB-IBV-99012800/2021	Spain
England/MILK-12A5FB0/2021	England
France/NAQ-0001001/2021	France
France/NAQ-0001004/2020	France
Spain/IB-IBV-99012825/2021	Spain
England/LOND-E54E7/2021	England
England/MILK-D099C3/2020	England
England/OXON-F51E25/2020	England
England/TFCI-26FE081/2020	England
England/MILK-D27895/2020	England
England/TFCI-26FCE3E/2020	England
Spain/CT-HUVH-80909/2021	Spain
Spain/MD-71407645/2021	Spain
Scotland/QEUH-C33EB3/2020	Scotland
England/MILK-CA3F24/2020	England
USA/FL-CDC-STM-000003159/2021	USA
Norway/7338/2020	Norway
France/IDF-IPP01593/2021	France
France/IDF-IPP01650/2021	France
Portugal/PT2226/2021	Portugal
France/PAC-CERBAHC-20211020-14/2021	France
England/MILK-E60CFD/2021	England
Sweden/21-50399/2021	Sweden
England/ALDP-100E7FB/2021	England
England/QEUH-F8F671/2021	England
England/TFCI-2705DAD/2021	England
Spain/CT-HUVH-Bellvitge73799/2021	Spain
England/MILK-10AEE70/2021	England
France/un-21022010139/2021	France
France/un-21022010393/2021	France
France/un-21022010230/2021	France
England/CAMC-DDB335/2020	England
England/ALDP-CBE8D0/2020	England
England/LOND-12E841C/2020	England
England/LOND-12E8968/2020	England
England/CAMC-D11AB6/2020	England
England/CAMC-B79DD3/2020	England
England/ALDP-B5C95A/2020	England
England/MILK-B9748F/2020	England
England/PHWC-4C661F/2021	England
France/CVL-IPP01700/2021	France
France/un-UPEC-21012270452/2021	France
Italy/APU-IZSPB_493PT/2020	Italy
Israel/CVL-3/2020	Israel
Belgium/ULG-11628/2021	Belgium
Sweden/21-50842/2021	Sweden
Switzerland/GE-32929459/2021	Switzerland
Switzerland/un-UHB-31177835/2020	Switzerland
England/LOND-12F1489/2020	England
Spain/CT-HUVH-95339/2021	Spain
Spain/CT-HUVH-81112/2021	Spain
Spain/IB-IBV-99015831/2021	Spain
France/PAC-CERBAHC-20211020-44/2021	France
USA/FL-CDC-STM-000008249/2021	USA
France/IDF-IPP01423/2021	France
France/IDF-IPP01428/2021	France
France/un-21012290515/2021	France
France/un-21012290523/2021	France
Norway/1862/2021	Norway
England/QEUH-E8F083/2021	England
England/QEUH-E8DE6D/2021	England
Wales/PHWC-4B5DE1/2021	Wales
France/IDF-IPP01754/2021	France
England/CAMC-C46A7D/2020	England
England/MILK-C5067C/2020	England
Spain/CT-IrsiCaixaR003MP1B7/2021	Spain
Wales/PHWC-4BC940/2021	Wales
Belgium/rega-2233/2021	Belgium
England/QEUH-1016259/2021	England
England/ALDP-BB353F/2020	England
England/ALDP-BB3A4F/2020	England
England/CAMC-DEAB3B/2020	England
England/ALDP-DB1E8F/2020	England
England/MILK-103CF1A/2021	England
Sweden/21-20038/2021	Sweden
UnitedArabEmirates/4323/2020	UnitedArabEmirates
France/un-21022010311/2021	France
England/CAMC-10A0579/2021	England
England/MILK-E7D352/2021	England
Spain/IB-IBV-99012824/2021	Spain
Spain/IB-IBV-99019892/2021	Spain
Switzerland/un-UHB-31177838/2020	Switzerland
Switzerland/un-UHB-31187644/2020	Switzerland
England/CAMC-11D4BD3/2021	England
Norway/1829/2021	Norway
England/ALDP-CE22F3/2020	England
England/ALDP-10E3B5A/2021	England
England/ALDP-E88099/2021	England
England/QEUH-120C37F/2021	England
England/CAMB-A9AAE5/2021	England
England/QEUH-120BC75/2021	England
England/TFCI-2700962/2021	England
Switzerland/GE-33009879/2021	Switzerland
Nigeria/CV638/2020	Nigeria
Nigeria/CV661/2020	Nigeria
England/CAMC-10A0685/2021	England
France/IDF-IPP01360/2021	France
France/un-21022010214/2021	France
France/un-21022010366/2021	France
USA/CA-CDC-STM-000002459/2021	USA
England/ALDP-C3AA8B/2020	England
England/C210001280/2020	England
England/MILK-B86043/2020	England
England/MILK-B95F35/2020	England
England/MILK-10CE302/2021	England
England/CAMC-F7F595/2021	England
Wales/PHWC-4B1091/2020	Wales
England/CAMC-106E7AE/2021	England
Switzerland/VS-33143027/2021	Switzerland
England/ALDP-DB1890/2021	England
Belgium/rega-2762/2021	Belgium
England/TFCI-2703246/2021	England
England/ALDP-BB3687/2020	England
England/CAMB-A9B8DB/2021	England
England/MILK-125F568/2021	England
England/ALDP-E86356/2021	England
England/MILK-D1DE90/2020	England
England/LOND-1288584/2020	England
Scotland/QEUH-12A8D4A/2021	Scotland
Italy/TUS-AOUC-9/2021	Italy
England/205121468/2020	England
England/QEUH-F603F7/2021	England
Spain/MD-IBV-99013634/2021	Spain
Ireland/G-NVRL-82IRL81731/2021	Ireland
Switzerland/GE-32979427/2021	Switzerland
Switzerland/GE-32984722/2021	Switzerland
France/IDF-IPP00409/2021	France
France/IDF-IPP01985/2021	France
UnitedArabEmirates/4355/2020	UnitedArabEmirates
UnitedArabEmirates/4358/2020	UnitedArabEmirates
Sweden/21-20031/2020	Sweden
Nigeria/CV685/2021	Nigeria
England/CAMC-101D841/2021	England
England/QEUH-109C9B0/2021	England
England/CAMC-106F260/2021	England
England/CAMC-F76437/2021	England
England/MILK-BAAE03/2020	England
England/CAMC-B99283/2020	England
England/MILK-EB6F2C/2021	England
Wales/ALDP-1199527/2021	Wales
England/CAMC-C447E1/2020	England
England/LOND-12887AC/2020	England
Spain/MC-ISCIII-210390/2021	Spain
England/CAMC-101D2BC/2021	England
Spain/MC-ISCIII-210616/2021	Spain
Spain/un-USAFSAM-S0441/2021	Spain
Spain/ML-ISCIII-210207/2021	Spain
Spain/ML-ISCIII-210202/2021	Spain
England/205390596/2020	England
England/205390975/2020	England
England/LOND-12F419E/2021	England
England/CAMC-F9A0FD/2021	England
England/MILK-EB9BE9/2021	England
England/QEUH-D14E7B/2020	England
England/NORW-220A91/2020	England
USA/CA-CDC-STM-000003175/2021	USA
England/MILK-FAFB12/2021	England
England/MILK-F87AAA/2021	England
England/ALDP-E86329/2021	England
England/RAND-128FF25/2021	England
England/MILK-CA6DEB/2020	England
England/QEUH-CAB5FD/2020	England
England/QEUH-1014F27/2021	England
Spain/CT-HUVH-Bellvitge20937/2021	Spain
England/MILK-D74EA6/2020	England
Nigeria/BCVL-18798/2021	Nigeria
Israel/CVL-549ngs/2020	Israel
France/IDF-IPP01537/2021	France
Sweden/20-53883/2020	Sweden
Sweden/21-20030/2020	Sweden
England/CAMC-CF988E/2020	England
England/LOND-1323371/2020	England
England/CAMC-CB8DAA/2020	England
Scotland/QEUH-1032406/2021	Scotland
Ireland/CN-NVRL-82IRL71110/2021	Ireland
England/MILK-11D29DB/2021	England
England/CAMC-F9C7C9/2021	England
England/LOND-12F24F1/2020	England
England/205020463/2020	England
England/205020474/2020	England
England/OXON-F4262F/2020	England
England/MILK-F9E114/2021	England
England/MILK-F9E132/2021	England
Scotland/QEUH-E972A0/2021	Scotland
England/CAMC-C83CE7/2020	England
England/CAMC-101DAE1/2021	England
Portugal/PT2661/2021	Portugal
England/RAND-11E1E43/2021	England
England/MILK-12A5967/2021	England
France/ARA-CERBAHC-20211018-49/2021	France
Italy/APU-IZSPB-628PT/2021	Italy
England/MILK-1151233/2021	England
England/ALDP-109E295/2021	England
England/ALDP-11501CE/2021	England
England/CAMC-11092C1/2021	England
Norway/1331/2021	Norway
England/OXON-F4545F/2020	England
England/LOND-12F21EB/2020	England
Belgium/rega-1794/2021	Belgium
Sweden/21-50635/2021	Sweden
England/CAMC-1072B8D/2021	England
France/HDF-IPP03607/2021	France
Nigeria/BCVL-18748/2021	Nigeria
Nigeria/CV699/2021	Nigeria
England/CAMC-D0DBD8/2020	England
Ireland/CN-NVRL-81IRL07994/2020	Ireland
Wales/PHWC-4B973A/2021	Wales
England/CAMC-D115C4/2020	England
England/MILK-D0D710/2020	England
Belgium/rega-1824/2020	Belgium
Scotland/QEUH-11CC42E/2021	Scotland
Scotland/QEUH-128444F/2021	Scotland
England/ALDP-116F539/2021	England
England/ALDP-114F292/2021	England
Wales/ALDP-121F607/2021	Wales
France/PAC-CERBAHC-20210205-S46/2021	France
France/IDF-IPP01354/2021	France
France/IDF-IPP00505/2021	France
Jordan/Biolab001/2021	Jordan
France/IDF-IPP02687/2021	France
France/CERBAHC-20211018-94/2021	France
USA/IL-CDC-9NI2-9103/2021	USA
France/IDF-IPP01048/2021	France
France/IDF-IPP00419/2021	France
England/CAMB-AA1ACD/2021	England
England/MILK-C7975C/2020	England
England/ALDP-C3A0A7/2020	England
England/CAMC-C43ADA/2020	England
USA/FL-CDC-STM-0000014-F10/2021	USA
Portugal/PT2132/2020	Portugal
Nigeria/CV693/2021	Nigeria
Spain/MD-47435203/2020	Spain
England/MILK-103CA73/2021	England
England/CAMC-DDB3BD/2020	England
Switzerland/SZ-UHB-100408915101/2020	Switzerland
Switzerland/SZ-UHB-100409126701/2020	Switzerland
England/LOND-E4BD4/2020	England
England/OXON-F4EF91/2021	England
USA/CT-Yale-1213/2021	USA
Switzerland/un-33196465/2021	Switzerland
Wales/PHWC-4C5BB7/2021	Wales
England/CAMC-C46FF6/2020	England
USA/FL-CDC-STM-0000014-A03/2021	USA
Spain/GA-CHUVI-281190/2020	Spain
Spain/GA-ISCIII-210065/2020	Spain
England/MILK-C6CDA5/2020	England
Spain/CT-HUVH-68583/2021	Spain
Italy/CAM-TIGEM-1353/2020	Italy
England/CAMC-D11B86/2020	England
England/ALDP-D9FB26/2020	England
England/MILK-DAC86B/2020	England
Spain/CT-HUVH-50174/2021	Spain
UnitedArabEmirates/4273/2020	UnitedArabEmirates
Slovenia/65252/2021	Slovenia
France/IDF-IPP03460/2021	France
France/IDF-IPP00549/2021	France
France/IDF-IPP00506/2021	France
France/IDF-IPP01536/2021	France
France/IDF-IPP01350/2021	France
France/IDF-IPP02779/2021	France
France/IDF-IPP03373/2021	France
Belgium/UZA-UA-7565/2021	Belgium
England/OXON-F4222B/2020	England
England/TFCI-26FC2F6/2020	England
France/un-21012250273/2021	France
France/HDF-IPP00674/2021	France
Nigeria/CV692/2021	Nigeria
Ireland/D-NVRL-21IRL24696/2021	Ireland
Nigeria/BCVL-18292/2021	Nigeria
England/LOND-12F3830/2021	England
Sweden/21-20010/2021	Sweden
Italy/LIG-103333296/2021	Italy
England/ALDP-118247F/2021	England
England/CAMC-101CBD0/2021	England
Portugal/PT2647/2021	Portugal
England/MILK-102E84D/2021	England
England/ALDP-DCB21D/2020	England
England/ALDP-C06930/2020	England
England/204991136/2020	England
England/LOND-12881BD/2020	England
England/ALDP-C2340F/2020	England
England/NORT-28E518/2020	England
England/MILK-C624F5/2020	England
Portugal/PT2869/2021	Portugal
Switzerland/GE-33229528/2021	Switzerland
France/un-21022010216/2021	France
France/un-21022010222/2021	France
Slovenia/69212/2021	Slovenia
Slovenia/62776/2021	Slovenia
Slovenia/53085/2021	Slovenia
Georgia/Tb-SNGS013/2021	Georgia
France/IDF-IPP01551/2021	France
France/IDF-IPP02551/2021	France
France/IDF-IPP01678/2021	France
France/un-21022010335/2021	France
England/ALDP-12A04C5/2021	England
England/LIVE-DD2BDC/2021	England
France/IDF-IPP01357/2021	France
France/IDF-IPP01541/2021	France
Switzerland/GE-32932653/2021	Switzerland
England/LOND-12F8ABD/2021	England
USA/IL-CDC-9MH4-8837/2021	USA
USA/LA-CDC-9MFQ-8827/2021	USA
USA/CT-Yale-1006/2021	USA
Nigeria/BCVL-18420/2021	Nigeria
Nigeria/BCVL-18458/2021	Nigeria
Italy/LIG-102693160/2021	Italy
Italy/LIG-103333268/2021	Italy
Switzerland/VS-33023991/2021	Switzerland
Italy/SIC-IZS-2274/2021	Italy
Israel/CVL-289ngs/2020	Israel
England/OXON-F45E33/2020	England
Ireland/CO-NVRL-82IRL82155/2021	Ireland
England/MILK-F9DAA1/2021	England
England/ALDP-EECD9C/2020	England
England/CAMC-DE4EA1/2020	England
England/LOND-1271E65/2021	England
England/CAMC-106DF4D/2021	England
England/QEUH-CC7C9C/2020	England
England/205241397/2020	England
Jordan/AM-ALSR-5808/2021	Jordan
England/ALDP-11B0038/2021	England
England/ALDP-FFFEB0/2021	England
England/CAMB-A989AE/2020	England
France/IDF-CERBAHC-20210204-S18/2021	France
USA/CT-Yale-1215/2021	USA
Ireland/LH-NVRL-21IRL34975/2020	Ireland
Ireland/LH-NVRL-21IRL34995/2020	Ireland
England/MILK-E0B82D/2020	England
England/ALDP-12AB63D/2021	England
France/IDF-IPP00423/2021	France
Switzerland/GE-32891984/2021	Switzerland
England/ALDP-1003DB8/2021	England
France/PAC-IHU-3076i/2021	France
England/CAMC-DD99CC/2020	England
England/MILK-DA9C71/2020	England
England/MILK-F6DCE0/2021	England
USA/MI-UM-10037887503/2021	USA
Spain/MD-HGUGM-20517528/2020	Spain
Portugal/PT2674/2021	Portugal
Italy/VEN-IZSVe-21RS23_PD/2021	Italy
Spain/CT-IrsiCaixaR004QZ1B11/2021	Spain
England/ALDP-F4E614/2021	England
England/QEUH-D8A4AB/2020	England
England/LOND-12F37D9/2021	England
England/MILK-118D31D/2021	England
England/MILK-11D0EED/2021	England
France/IDF-IPP00508/2021	France
Georgia/Tb-SNGS007/2021	Georgia
England/ALDP-1004E3C/2021	England
Belgium/rega-1726/2020	Belgium
Italy/TUS-AOUC-3/2020	Italy
Ireland/MH-NVRL-21IRL28765/2021	Ireland
Ireland/MH-NVRL-21IRL25405/2021	Ireland
England/MILK-1027D90/2021	England
England/CAMC-1178834/2021	England
England/MILK-FEC33F/2021	England
England/CAMC-C40457/2020	England
England/CAMC-C44848/2020	England
England/MILK-C63281/2020	England
England/TFCI-26FB619/2020	England
Scotland/QEUH-E4902B/2021	Scotland
England/ALDP-EF0C98/2021	England
Switzerland/GE-32845730/2020	Switzerland
Switzerland/GE-32845532/2020	Switzerland
Spain/CN-IBV-97016137/2021	Spain
England/ALDP-1030022/2021	England
France/IDF-IPP03688/2021	France
France/IDF-IPP01436/2021	France
France/IDF-IPP03436/2021	France
France/IDF-IPP03689/2021	France
England/ALDP-12AAFD9/2021	England
Jordan/AM-ALSR-5788/2021	Jordan
England/QEUH-12AA4BC/2021	England
England/CAMC-10FF3BD/2021	England
Ireland/D-NVRL-21IRL31195/2021	Ireland
England/ALDP-11B9DDE/2021	England
Spain/AN-HUSC_29673697/2021	Spain
France/ARA-CERBAHC-20211018-58/2021	France
Norway/0221/2021	Norway
Norway/0225/2021	Norway
England/MILK-ECBC0F/2021	England
England/MILK-F6E283/2021	England
England/MILK-EB6BBF/2021	England
Ireland/TA-NVRL-83IRL52991/2021	Ireland
Portugal/PT2863/2021	Portugal
England/MILK-D0D58F/2020	England
Wales/PHWC-4A9436/2020	Wales
England/ALDP-C89610/2020	England
England/LOND-12E45C2/2021	England
England/CAMC-1104A82/2021	England
England/ALDP-11B2EF0/2021	England
France/IDF-IPP01539/2021	France
France/IDF-IPP01405/2021	France
Israel/CVL-2006/2021	Israel
England/ALDP-1014929/2021	England
Jordan/AM-ALSR-5834/2021	Jordan
Wales/PHWC-4B9776/2021	Wales
Ireland/LH-NVRL-82IRL93689/2021	Ireland
Scotland/QEUH-E5099F/2021	Scotland
Ireland/LH-NVRL-21IRL35084/2021	Ireland
USA/NY-Wadsworth-21015759-01/2021	USA
England/ALDP-1091450/2021	England
England/ALDP-1003E5B/2021	England
Norway/1402/2021	Norway
France/PAC-IHU-3137/2021	France
France/IDF-IPP00407/2021	France
England/QEUH-E4620A/2021	England
England/NORW-22898D/2021	England
England/MILK-F73B44/2021	England
Spain/MD-71322478/2021	Spain
England/ALDP-101B904/2021	England
England/ALDP-10656C8/2021	England
Jordan/AM-ALSR-5783/2021	Jordan
England/LOND-12DBEA5/2021	England
Sweden/RVFOI21-00152/2021	Sweden
Slovenia/60652/2021	Slovenia
England/QEUH-1014D2D/2021	England
France/IDF-IPP00422/2021	France
Portugal/PT2531/2021	Portugal
England/ALDP-114DD84/2021	England
Norway/1328/2021	Norway
England/CAMC-120AB4C/2021	England
Ireland/KY-NVRL-83IRL12358/2021	Ireland
Ireland/LH-NVRL-82IRL76278/2021	Ireland
England/TFCI-26FDE88/2020	England
Spain/VC-IBV-98010550/2020	Spain
Ireland/WW-NVRL-AIIDV1508/2021	Ireland
Ireland/WW-NVRL-COVIRL-201-017/2021	Ireland
England/OXON-F5C525/2021	England
Ireland/MH-NVRL-21IRL35418/2021	Ireland
England/MILK-EC17F9/2021	England
England/CAMC-1062D7B/2021	England
Spain/MD-71407646/2021	Spain
England/MILK-F8864B/2021	England
Spain/MD-IBV-99015931/2021	Spain
England/ALDP-109DB13/2021	England
France/IDF-IPP01380/2021	France
Spain/MD-71431928/2021	Spain
Spain/VC-IBV-98016221/2021	Spain
Spain/VC-IBV-99016648/2021	Spain
Jordan/AM-ALSR-5833/2021	Jordan
Sweden/RVFOI21-00037/2021	Sweden
Sweden/RVFOI21-00041/2021	Sweden
Spain/AS-232154729/2021	Spain
England/CAMB-AA11C8/2021	England
Israel/CVL-4/2020	Israel
England/LOND-1288A2B/2020	England
England/205340585/2020	England
Wales/PHWC-4B1310/2020	Wales
Belgium/rega-1684/2021	Belgium
England/NORT-1B7B7EF/2021	England
Norway/0308/2021	Norway
Jordan/AM-ALSR-5798/2021	Jordan
Jordan/Biolab002/2021	Jordan
England/MILK-FE119A/2021	England
England/QEUH-1032E80/2021	England
England/MILK-DAF4CE/2020	England
England/MILK-12A5CD7/2021	England
Scotland/QEUH-129DB3F/2021	Scotland
Sweden/RVFOI21-00055/2021	Sweden
Sweden/RVFOI21-00132/2021	Sweden
England/QEUH-10034E0/2021	England
England/QEUH-109C21F/2021	England
England/MILK-EBB060/2021	England
Sweden/20-53919/2020	Sweden
England/MILK-E027A1/2020	England
Portugal/PT2624/2021	Portugal
England/ALDP-1009972/2021	England
USA/MI-UM-10038050090/2021	USA
Slovenia/63061/2021	Slovenia
Slovenia/58230/2021	Slovenia
Slovenia/P21-30946/2021	Slovenia
Portugal/PT2847/2021	Portugal
France/IDF-B110-23/2021	France
France/un-21022010202/2021	France
Spain/AN-HUSC_33522146/2021	Spain
Spain/AN-HUSC_33522153/2021	Spain
England/ALDP-1121AF8/2021	England
England/ALDP-10EE3B1/2021	England
France/PAC-CERBAHC-20210206-S25/2021	France
France/un-21022010379/2021	France
England/MILK-FA161F/2021	England
Ireland/WX-NVRL-21IRL09019/2021	Ireland
England/LOND-DF84E/2021	England
England/MILK-1150E4F/2021	England
England/CAMB-A9AEAD/2021	England
England/EXET-14162E/2021	England
England/CAMC-1293647/2021	England
France/IDF-IPP03439/2021	France
France/un-21022010286/2021	France
